ANZSCO,Occupation,Shortage Driver,National Shortage Rating,New South Wales Shortage Rating,Victoria Shortage Rating,Queensland Shortage Rating,South Australia Shortage Rating,Western Australia Shortage Rating,Tasmania Shortage Rating,Northern Territory Shortage Rating,Australian Capital Territory Shortage Rating,Skill Level
1111,Chief Executives and Managing Directors,,No Shortage,No Shortage,No Shortage,No Shortage,No Shortage,No Shortage,No Shortage,Shortage,No Shortage,1
1112,General Managers,,No Shortage,No Shortage,No Shortage,No Shortage,No Shortage,No Shortage,No Shortage,Shortage,No Shortage,1
1211,Aquaculture Farmers,,No Shortage,No Shortage,No Shortage,No Shortage,No Shortage,No Shortage,No Shortage,Shortage,No Shortage,1
1213,Livestock Farmers,,No Shortage,No Shortage,No Shortage,No Shortage,No Shortage,No Shortage,No Shortage,Shortage,No Shortage,1
1215,Broadacre Crop Growers,,No Shortage,No Shortage,No Shortage,No Shortage,No Shortage,Shortage,No Shortage,No Shortage,No Shortage,1
1216,Horticultural Crop Growers,,No Shortage,No Shortage,No Shortage,No Shortage,No Shortage,No Shortage,No Shortage,No Shortage,No Shortage,1
1217,Mixed Production Farmers,,No Shortage,No Shortage,No Shortage,No Shortage,No Shortage,Shortage,No Shortage,No Shortage,No Shortage,1
1311,"Advertising, Public Relations and Sales Managers",Suitability gap,Shortage,Shortage,No Shortage,Regional Shortage,Regional Shortage,Regional Shortage,Regional Shortage,Shortage,Shortage,1
1321,Corporate Services Managers,,No Shortage,No Shortage,No Shortage,No Shortage,No Shortage,No Shortage,No Shortage,No Shortage,No Shortage,1
1322,Finance Managers,,No Shortage,No Shortage,No Shortage,No Shortage,No Shortage,No Shortage,No Shortage,Shortage,No Shortage,1
1323,Human Resource Managers,,No Shortage,No Shortage,No Shortage,No Shortage,No Shortage,No Shortage,No Shortage,No Shortage,No Shortage,1
1324,Policy and Planning Managers,,No Shortage,No Shortage,No Shortage,No Shortage,No Shortage,No Shortage,No Shortage,Shortage,No Shortage,1
1325,Research and Development Managers,,No Shortage,No Shortage,No Shortage,No Shortage,No Shortage,No Shortage,No Shortage,Shortage,No Shortage,1
1331,Construction Managers,Suitability gap,Shortage,Shortage,No Shortage,Shortage,No Shortage,Shortage,Shortage,Shortage,No Shortage,1
1332,Engineering Managers,Suitability gap,Shortage,Shortage,Shortage,Shortage,Shortage,Regional Shortage,Regional Shortage,Shortage,Shortage,1
1333,"Importers, Exporters and Wholesalers",,No Shortage,No Shortage,No Shortage,No Shortage,No Shortage,No Shortage,No Shortage,No Shortage,No Shortage,1
1334,Manufacturers,,No Shortage,No Shortage,Shortage,No Shortage,No Shortage,No Shortage,No Shortage,No Shortage,No Shortage,1
1335,Production Managers,,No Shortage,No Shortage,No Shortage,No Shortage,No Shortage,No Shortage,No Shortage,Shortage,No Shortage,1
1336,"Supply, Distribution and Procurement Managers",,No Shortage,No Shortage,No Shortage,No Shortage,No Shortage,No Shortage,No Shortage,Shortage,No Shortage,1
1341,Child Care Centre Managers,,No Shortage,No Shortage,Shortage,Regional Shortage,No Shortage,No Shortage,No Shortage,Shortage,No Shortage,1
1342,Health and Welfare Services Managers,,No Shortage,No Shortage,No Shortage,No Shortage,No Shortage,No Shortage,No Shortage,Shortage,No Shortage,1
1343,School Principals,,No Shortage,No Shortage,Shortage,No Shortage,No Shortage,No Shortage,No Shortage,No Shortage,No Shortage,1
1344,Other Education Managers,,No Shortage,Shortage,No Shortage,No Shortage,No Shortage,No Shortage,No Shortage,No Shortage,No Shortage,1
1351,ICT Managers,,No Shortage,No Shortage,No Shortage,No Shortage,No Shortage,No Shortage,No Shortage,Shortage,No Shortage,1
1399,Other Specialist Managers,,No Shortage,No Shortage,Shortage,No Shortage,No Shortage,No Shortage,No Shortage,Shortage,No Shortage,1
1411,Cafe and Restaurant Managers,,No Shortage,No Shortage,No Shortage,No Shortage,No Shortage,No Shortage,No Shortage,Shortage,No Shortage,2
1412,Caravan Park and Camping Ground Managers,,No Shortage,No Shortage,No Shortage,No Shortage,No Shortage,No Shortage,No Shortage,No Shortage,No Shortage,2
1413,Hotel and Motel Managers,Retention gap,Shortage,Shortage,Shortage,Shortage,Shortage,Shortage,Shortage,Shortage,Shortage,2
1414,Licensed Club Managers,,No Shortage,No Shortage,No Shortage,No Shortage,No Shortage,No Shortage,No Shortage,No Shortage,No Shortage,2
1419,Other Accommodation and Hospitality Managers,,No Shortage,Shortage,No Shortage,Shortage,No Shortage,No Shortage,No Shortage,Shortage,No Shortage,2
1421,Retail Managers,,No Shortage,No Shortage,No Shortage,Regional Shortage,Regional Shortage,Regional Shortage,Regional Shortage,Shortage,No Shortage,2
1491,"Amusement, Fitness and Sports Centre Managers",,No Shortage,No Shortage,No Shortage,No Shortage,No Shortage,No Shortage,No Shortage,No Shortage,No Shortage,2
1492,Call or Contact Centre and Customer Service Managers,,No Shortage,No Shortage,No Shortage,No Shortage,No Shortage,No Shortage,No Shortage,Shortage,No Shortage,2
1493,Conference and Event Organisers,,No Shortage,No Shortage,No Shortage,No Shortage,No Shortage,No Shortage,No Shortage,Shortage,No Shortage,2
1494,Transport Services Managers,,No Shortage,No Shortage,No Shortage,No Shortage,No Shortage,No Shortage,No Shortage,No Shortage,No Shortage,2
1499,"Other Hospitality, Retail and Service Managers",,No Shortage,No Shortage,No Shortage,No Shortage,No Shortage,No Shortage,No Shortage,Shortage,No Shortage,2
2111,"Actors, Dancers and Other Entertainers",,No Shortage,No Shortage,No Shortage,No Shortage,No Shortage,No Shortage,No Shortage,No Shortage,No Shortage,1
2112,Music Professionals,,No Shortage,No Shortage,No Shortage,No Shortage,No Shortage,No Shortage,No Shortage,No Shortage,No Shortage,1
2113,Photographers,,No Shortage,No Shortage,No Shortage,No Shortage,No Shortage,No Shortage,No Shortage,No Shortage,No Shortage,2
2114,Visual Arts and Crafts Professionals,,No Shortage,No Shortage,No Shortage,No Shortage,No Shortage,No Shortage,No Shortage,No Shortage,No Shortage,"1,2"
2121,"Artistic Directors, and Media Producers and Presenters",,No Shortage,No Shortage,Regional Shortage,No Shortage,No Shortage,No Shortage,No Shortage,No Shortage,No Shortage,1
2122,"Authors, and Book and Script Editors",,No Shortage,No Shortage,No Shortage,No Shortage,No Shortage,No Shortage,No Shortage,No Shortage,No Shortage,1
2123,"Film, Television, Radio and Stage Directors",,No Shortage,No Shortage,No Shortage,No Shortage,No Shortage,Shortage,No Shortage,No Shortage,No Shortage,1
2124,Journalists and Other Writers,,No Shortage,No Shortage,No Shortage,No Shortage,No Shortage,No Shortage,No Shortage,No Shortage,No Shortage,1
2211,Accountants,,No Shortage,No Shortage,No Shortage,No Shortage,No Shortage,Shortage,No Shortage,Shortage,No Shortage,1
2212,"Auditors, Company Secretaries and Corporate Treasurers",Uncertain/unknown,Shortage,No Shortage,Regional Shortage,Shortage,Shortage,Shortage,Shortage,No Shortage,Shortage,1
2221,Financial Brokers,,No Shortage,No Shortage,No Shortage,No Shortage,No Shortage,No Shortage,No Shortage,Shortage,No Shortage,2
2222,Financial Dealers,,No Shortage,No Shortage,No Shortage,No Shortage,No Shortage,No Shortage,No Shortage,No Shortage,No Shortage,1
2223,Financial Investment Advisers and Managers,Suitability gap,Shortage,Shortage,No Shortage,Shortage,Shortage,Shortage,Shortage,Shortage,Shortage,1
2231,Human Resource Professionals,,No Shortage,No Shortage,No Shortage,No Shortage,No Shortage,Shortage,No Shortage,Shortage,No Shortage,1
2233,Training and Development Professionals,,No Shortage,No Shortage,No Shortage,No Shortage,No Shortage,Shortage,No Shortage,Shortage,No Shortage,1
2241,Mathematical Science Professionals,,No Shortage,Shortage,No Shortage,No Shortage,No Shortage,Shortage,No Shortage,Shortage,No Shortage,1
2242,"Archivists, Curators and Records Managers",,No Shortage,No Shortage,No Shortage,No Shortage,No Shortage,No Shortage,No Shortage,No Shortage,No Shortage,1
2243,Economists,,No Shortage,Shortage,No Shortage,No Shortage,No Shortage,No Shortage,No Shortage,Shortage,No Shortage,1
2244,Intelligence and Policy Analysts,,No Shortage,No Shortage,Regional Shortage,No Shortage,No Shortage,No Shortage,No Shortage,No Shortage,No Shortage,1
2245,Land Economists and Valuers,,No Shortage,No Shortage,No Shortage,No Shortage,No Shortage,No Shortage,No Shortage,No Shortage,No Shortage,1
2246,Librarians,,No Shortage,No Shortage,No Shortage,No Shortage,No Shortage,No Shortage,No Shortage,Shortage,No Shortage,1
2247,Management and Organisation Analysts,,No Shortage,No Shortage,Regional Shortage,No Shortage,No Shortage,No Shortage,No Shortage,No Shortage,No Shortage,1
2249,Other Information and Organisation Professionals,,No Shortage,No Shortage,No Shortage,No Shortage,No Shortage,No Shortage,No Shortage,Shortage,No Shortage,1
2251,Advertising and Marketing Professionals,,No Shortage,No Shortage,No Shortage,No Shortage,No Shortage,No Shortage,No Shortage,Shortage,No Shortage,1
2252,ICT Sales Professionals,,No Shortage,No Shortage,No Shortage,No Shortage,No Shortage,No Shortage,No Shortage,Shortage,No Shortage,1
2253,Public Relations Professionals,,No Shortage,No Shortage,No Shortage,No Shortage,No Shortage,No Shortage,No Shortage,Shortage,No Shortage,1
2254,Technical Sales Representatives,,No Shortage,No Shortage,No Shortage,Shortage,Shortage,No Shortage,Shortage,Shortage,No Shortage,1
2311,Air Transport Professionals,Uncertain/unknown,Shortage,Shortage,Shortage,Shortage,Shortage,Shortage,Shortage,Shortage,Shortage,1
2312,Marine Transport Professionals,Uncertain/unknown,Shortage,Shortage,No Shortage,Shortage,No Shortage,Shortage,No Shortage,Shortage,Shortage,2
2321,Architects and Landscape Architects,Suitability gap,Shortage,Shortage,No Shortage,Shortage,Shortage,Shortage,Shortage,No Shortage,Shortage,1
2322,Surveyors and Spatial Scientists,Long training gap,Shortage,Shortage,Shortage,Shortage,Shortage,Shortage,Shortage,Shortage,No Shortage,1
2323,"Fashion, Industrial and Jewellery Designers",,No Shortage,Shortage,No Shortage,No Shortage,No Shortage,No Shortage,No Shortage,No Shortage,No Shortage,1
2324,"Graphic and Web Designers, and Illustrators",,No Shortage,No Shortage,No Shortage,No Shortage,No Shortage,No Shortage,No Shortage,Shortage,No Shortage,1
2325,Interior Designers,,No Shortage,Shortage,No Shortage,No Shortage,No Shortage,No Shortage,No Shortage,No Shortage,No Shortage,2
2326,Urban and Regional Planners,Long training gap,Shortage,No Shortage,Shortage,Shortage,Regional Shortage,Regional Shortage,Regional Shortage,Shortage,Shortage,1
2331,Chemical and Materials Engineers,Uncertain/unknown,Shortage,Shortage,No Shortage,Shortage,Shortage,Shortage,Shortage,Shortage,Shortage,1
2332,Civil Engineering Professionals,Suitability gap,Shortage,Shortage,Shortage,Shortage,Shortage,Shortage,Shortage,Shortage,Shortage,1
2333,Electrical Engineers,Suitability gap,Shortage,Shortage,Shortage,Shortage,Shortage,Shortage,Shortage,Shortage,Shortage,1
2334,Electronics Engineers,Suitability gap,Shortage,No Shortage,Shortage,Shortage,Shortage,Shortage,Shortage,No Shortage,Shortage,1
2335,"Industrial, Mechanical and Production Engineers",Suitability gap,Shortage,Shortage,Shortage,Shortage,Shortage,Shortage,Shortage,Shortage,Shortage,1
2336,Mining Engineers,Uncertain/unknown,Shortage,No Shortage,Shortage,Shortage,Shortage,Shortage,Shortage,Shortage,Shortage,1
2339,Other Engineering Professionals,Uncertain/unknown,Shortage,No Shortage,Shortage,Shortage,Shortage,Shortage,Shortage,No Shortage,Shortage,1
2341,"Agricultural, Fisheries and Forestry Scientists",Uncertain/unknown,Shortage,Shortage,Shortage,Shortage,Shortage,Shortage,Shortage,No Shortage,Shortage,1
2342,"Chemists, and Food and Wine Scientists",,No Shortage,No Shortage,No Shortage,No Shortage,No Shortage,No Shortage,No Shortage,No Shortage,No Shortage,1
2343,Environmental Scientists,,No Shortage,No Shortage,No Shortage,No Shortage,No Shortage,No Shortage,No Shortage,Shortage,No Shortage,1
2344,"Geologists, Geophysicists and Hydrogeologists",Suitability gap,Shortage,No Shortage,Shortage,Shortage,Shortage,Shortage,Shortage,Shortage,Shortage,1
2345,Life Scientists,,No Shortage,No Shortage,No Shortage,No Shortage,No Shortage,No Shortage,No Shortage,No Shortage,No Shortage,1
2346,Medical Scientists,,No Shortage,No Shortage,No Shortage,No Shortage,No Shortage,No Shortage,No Shortage,Shortage,No Shortage,1
2347,Veterinarians,Long training gap,Shortage,Shortage,No Shortage,Shortage,Shortage,Shortage,Shortage,Shortage,Shortage,1
2349,Other Natural and Physical Science Professionals,,No Shortage,Shortage,No Shortage,Regional Shortage,No Shortage,No Shortage,No Shortage,No Shortage,No Shortage,1
2411,Early Childhood (Pre-primary School) Teachers,Long training gap,Shortage,Shortage,Shortage,Shortage,Shortage,Shortage,Shortage,Shortage,Shortage,1
2412,Primary School Teachers,Long training gap,Shortage,Shortage,Shortage,Regional Shortage,Shortage,Shortage,Shortage,No Shortage,Shortage,1
2413,Middle School Teachers,Long training gap,Shortage,Shortage,Shortage,Regional Shortage,Shortage,No Shortage,Shortage,Shortage,Shortage,1
2414,Secondary School Teachers,Long training gap,Shortage,Shortage,Shortage,Shortage,Shortage,Shortage,Shortage,Shortage,Shortage,1
2415,Special Education Teachers,Long training gap,Shortage,Shortage,Shortage,Shortage,Shortage,Shortage,Shortage,Shortage,Shortage,1
2421,University Lecturers and Tutors,,No Shortage,Shortage,No Shortage,No Shortage,No Shortage,No Shortage,No Shortage,Shortage,No Shortage,1
2422,Vocational Education Teachers,Long training gap,Shortage,Shortage,Shortage,Shortage,Shortage,Shortage,Shortage,Shortage,Shortage,1
2491,Education Advisers and Reviewers,,No Shortage,No Shortage,No Shortage,No Shortage,No Shortage,No Shortage,No Shortage,No Shortage,No Shortage,1
2492,Private Tutors and Teachers,,No Shortage,Shortage,No Shortage,No Shortage,No Shortage,No Shortage,No Shortage,No Shortage,No Shortage,1
2493,Teachers of English to Speakers of Other Languages,,No Shortage,No Shortage,No Shortage,No Shortage,No Shortage,No Shortage,No Shortage,No Shortage,No Shortage,1
2511,Nutrition Professionals,,No Shortage,No Shortage,No Shortage,No Shortage,No Shortage,No Shortage,No Shortage,Shortage,No Shortage,1
2512,Medical Imaging Professionals,Long training gap,Shortage,No Shortage,Shortage,Regional Shortage,Shortage,Shortage,Shortage,No Shortage,Shortage,1
2513,Occupational and Environmental Health Professionals,,No Shortage,No Shortage,No Shortage,No Shortage,No Shortage,Shortage,No Shortage,Shortage,No Shortage,1
2514,Optometrists and Orthoptists,Long training gap,Shortage,Shortage,Shortage,Regional Shortage,Shortage,Shortage,Shortage,Shortage,Shortage,1
2515,Pharmacists,Long training gap,Shortage,No Shortage,Regional Shortage,Shortage,Shortage,Shortage,Shortage,Shortage,Shortage,1
2519,Other Health Diagnostic and Promotion Professionals,,No Shortage,No Shortage,No Shortage,No Shortage,No Shortage,No Shortage,No Shortage,No Shortage,No Shortage,1
2521,Chiropractors and Osteopaths,,No Shortage,Shortage,No Shortage,No Shortage,No Shortage,No Shortage,No Shortage,Shortage,No Shortage,1
2522,Complementary Health Therapists,,No Shortage,Shortage,No Shortage,No Shortage,No Shortage,No Shortage,No Shortage,No Shortage,No Shortage,1
2523,Dental Practitioners,Long training gap,Shortage,Shortage,Shortage,Regional Shortage,Shortage,Shortage,Shortage,Shortage,Shortage,1
2524,Occupational Therapists,Long training gap,Shortage,Shortage,Shortage,Shortage,Shortage,Shortage,Shortage,Shortage,Shortage,1
2525,Physiotherapists,Long training gap,Shortage,No Shortage,Shortage,Regional Shortage,Shortage,Shortage,Shortage,Shortage,Shortage,1
2526,Podiatrists,Long training gap,Shortage,Shortage,Shortage,Shortage,Shortage,Shortage,Shortage,Shortage,Shortage,1
2527,Audiologists and Speech Pathologists,Long training gap,Shortage,Shortage,Shortage,Shortage,Shortage,Shortage,Shortage,Shortage,Shortage,1
2531,General Practitioners and Resident Medical Officers,Long training gap,Shortage,Shortage,Shortage,Shortage,Shortage,Shortage,Shortage,Shortage,Shortage,1
2532,Anaesthetists,Long training gap,Shortage,No Shortage,Shortage,Shortage,Shortage,Shortage,Shortage,No Shortage,Shortage,1
2533,Specialist Physicians,Long training gap,Shortage,Shortage,Shortage,Shortage,Shortage,Shortage,Shortage,No Shortage,Shortage,1
2534,Psychiatrists,Long training gap,Shortage,No Shortage,Shortage,Shortage,Shortage,Shortage,Shortage,Shortage,Shortage,1
2535,Surgeons,Long training gap,Shortage,No Shortage,Shortage,Regional Shortage,Shortage,Shortage,Shortage,No Shortage,Shortage,1
2539,Other Medical Practitioners,Uncertain/unknown,Shortage,No Shortage,Shortage,Regional Shortage,Shortage,Shortage,Shortage,No Shortage,Shortage,1
2541,Midwives,Long training gap,Shortage,Shortage,Shortage,Shortage,Shortage,Shortage,Shortage,Shortage,Shortage,1
2542,Nurse Educators and Researchers,Long training gap,Shortage,Shortage,Shortage,Shortage,Shortage,Shortage,Shortage,Shortage,Shortage,1
2543,Nurse Managers,,No Shortage,No Shortage,No Shortage,No Shortage,No Shortage,No Shortage,No Shortage,No Shortage,No Shortage,1
2544,Registered Nurses,Long training gap,Shortage,No Shortage,Shortage,Shortage,Shortage,Shortage,Shortage,No Shortage,Shortage,1
2611,ICT Business and Systems Analysts,,No Shortage,No Shortage,Regional Shortage,No Shortage,No Shortage,No Shortage,No Shortage,No Shortage,No Shortage,1
2612,Multimedia Specialists and Web Developers,,No Shortage,No Shortage,No Shortage,No Shortage,No Shortage,No Shortage,No Shortage,No Shortage,No Shortage,1
2613,Software and Applications Programmers,Suitability gap,Shortage,Shortage,Shortage,Shortage,Shortage,Shortage,Shortage,Shortage,Shortage,1
2621,"Database and Systems Administrators, and ICT Security Specialists",,No Shortage,No Shortage,No Shortage,No Shortage,No Shortage,No Shortage,No Shortage,Shortage,No Shortage,1
2631,Computer Network Professionals,,No Shortage,No Shortage,No Shortage,No Shortage,Shortage,Shortage,No Shortage,Shortage,No Shortage,1
2632,ICT Support and Test Engineers,,No Shortage,No Shortage,No Shortage,No Shortage,No Shortage,No Shortage,No Shortage,Shortage,No Shortage,1
2633,Telecommunications Engineering Professionals,,No Shortage,No Shortage,No Shortage,Shortage,No Shortage,No Shortage,No Shortage,No Shortage,No Shortage,1
2711,Barristers,,No Shortage,No Shortage,No Shortage,No Shortage,No Shortage,No Shortage,No Shortage,No Shortage,No Shortage,1
2712,Judicial and Other Legal Professionals,,No Shortage,No Shortage,Regional Shortage,No Shortage,No Shortage,No Shortage,No Shortage,Shortage,No Shortage,1
2713,Solicitors,Long training gap,Shortage,No Shortage,Shortage,Shortage,Shortage,Shortage,Shortage,Shortage,Shortage,1
2721,Counsellors,,No Shortage,No Shortage,Shortage,No Shortage,No Shortage,Shortage,No Shortage,No Shortage,No Shortage,1
2722,Ministers of Religion,,No Shortage,No Shortage,No Shortage,No Shortage,No Shortage,No Shortage,No Shortage,No Shortage,No Shortage,1
2723,Psychologists,Long training gap,Shortage,No Shortage,Shortage,Shortage,Shortage,Shortage,Shortage,Shortage,Shortage,1
2724,Social Professionals,,No Shortage,Shortage,No Shortage,No Shortage,No Shortage,No Shortage,No Shortage,Shortage,No Shortage,1
2725,Social Workers,Long training gap,Shortage,No Shortage,Shortage,Shortage,Shortage,Shortage,Shortage,Shortage,Shortage,1
2726,"Welfare, Recreation and Community Arts Workers",,No Shortage,No Shortage,No Shortage,No Shortage,No Shortage,No Shortage,No Shortage,Shortage,No Shortage,1
3111,"Agricultural, Agritech and Aquaculture Technicians",Uncertain/unknown,Shortage,Shortage,Shortage,Shortage,Shortage,Shortage,Shortage,No Shortage,Shortage,2
3112,Medical Technicians,,No Shortage,No Shortage,No Shortage,No Shortage,No Shortage,No Shortage,No Shortage,No Shortage,No Shortage,"2,3"
3113,Primary Products Assurance and Inspection Officers,,No Shortage,No Shortage,No Shortage,No Shortage,No Shortage,No Shortage,No Shortage,No Shortage,No Shortage,2
3114,Science Technicians,,No Shortage,No Shortage,No Shortage,No Shortage,No Shortage,No Shortage,No Shortage,No Shortage,No Shortage,2
3121,"Architectural, Building and Surveying Technicians",,No Shortage,No Shortage,Shortage,No Shortage,No Shortage,Shortage,No Shortage,Shortage,No Shortage,2
3122,Civil Engineering Draftspersons and Technicians,Uncertain/unknown,Shortage,Shortage,Shortage,Shortage,Shortage,Shortage,Shortage,Shortage,Shortage,2
3123,Electrical Engineering Draftspersons and Technicians,,No Shortage,No Shortage,No Shortage,No Shortage,No Shortage,Shortage,No Shortage,Shortage,No Shortage,2
3124,Electronic Engineering Draftspersons and Technicians,,No Shortage,No Shortage,Shortage,No Shortage,Shortage,Shortage,No Shortage,No Shortage,No Shortage,2
3125,Mechanical Engineering Draftspersons and Technicians,Retention gap,Shortage,Shortage,Shortage,Shortage,Shortage,Shortage,Shortage,Shortage,Shortage,2
3126,Safety Inspectors,,No Shortage,No Shortage,No Shortage,No Shortage,No Shortage,No Shortage,No Shortage,Shortage,No Shortage,2
3129,Other Building and Engineering Technicians,,No Shortage,Shortage,No Shortage,No Shortage,No Shortage,No Shortage,No Shortage,Shortage,No Shortage,2
3131,ICT Support Technicians,,No Shortage,No Shortage,No Shortage,No Shortage,No Shortage,No Shortage,No Shortage,Shortage,No Shortage,2
3132,Telecommunications Technical Specialists,,No Shortage,No Shortage,No Shortage,No Shortage,No Shortage,No Shortage,No Shortage,Shortage,No Shortage,2
3211,Automotive Electricians,Long training gap,Shortage,Shortage,No Shortage,Shortage,Shortage,Shortage,Shortage,Shortage,Shortage,3
3212,Motor Mechanics,Long training gap,Shortage,Shortage,Regional Shortage,Shortage,Shortage,Shortage,Shortage,Shortage,Shortage,3
3221,"Metal Casting, Forging and Finishing Trades Workers",Retention gap,Shortage,Shortage,Shortage,Shortage,Shortage,Shortage,Shortage,No Shortage,Shortage,3
3222,Sheetmetal Workers,Retention gap,Shortage,Shortage,No Shortage,Shortage,Shortage,Shortage,Shortage,Shortage,Shortage,3
3223,Structural Steel and Welding Trades Workers,Retention gap,Shortage,Shortage,Shortage,Shortage,Shortage,Shortage,Shortage,Shortage,Shortage,3
3231,Aircraft Maintenance Engineers,Short Training gap,Shortage,Shortage,No Shortage,Shortage,Shortage,Shortage,Shortage,Shortage,Shortage,3
3232,Metal Fitters and Machinists,Long training gap,Shortage,Shortage,Shortage,Shortage,Shortage,Shortage,Shortage,Shortage,Shortage,3
3233,Precision Metal Trades Workers,,No Shortage,No Shortage,No Shortage,No Shortage,No Shortage,No Shortage,No Shortage,No Shortage,Shortage,3
3234,Toolmakers and Engineering Patternmakers,Uncertain/unknown,Shortage,Shortage,Shortage,Shortage,Shortage,Shortage,Shortage,No Shortage,Shortage,3
3241,Panelbeaters,Long training gap,Shortage,Shortage,Shortage,Shortage,Shortage,Shortage,Shortage,Shortage,Shortage,3
3242,Vehicle Body Builders and Trimmers,Long training gap,Shortage,Shortage,Shortage,Shortage,Shortage,Shortage,Shortage,No Shortage,Shortage,3
3243,Vehicle Painters,Long training gap,Shortage,Shortage,No Shortage,Shortage,Shortage,Shortage,Shortage,Shortage,Shortage,3
3311,Bricklayers and Stonemasons,Long training gap,Shortage,Shortage,Shortage,Shortage,Shortage,Shortage,Shortage,Shortage,Shortage,3
3312,Carpenters and Joiners,Long training gap,Shortage,Shortage,No Shortage,Shortage,Shortage,Shortage,Shortage,Shortage,Shortage,3
3321,Floor Finishers,Short Training gap,Shortage,Shortage,Shortage,Shortage,Shortage,Shortage,Shortage,Shortage,Shortage,3
3322,Painters,Long training gap,Shortage,Shortage,Shortage,Shortage,Shortage,Shortage,Shortage,Shortage,Shortage,3
3331,Glaziers,Long training gap,Shortage,Shortage,Shortage,Shortage,Shortage,Shortage,Shortage,Shortage,Shortage,3
3332,Plasterers and Renderers,Uncertain/unknown,Shortage,Shortage,Shortage,Shortage,Shortage,Shortage,Shortage,Shortage,Shortage,3
3333,Roof Tilers,Uncertain/unknown,Shortage,Shortage,No Shortage,Shortage,Shortage,No Shortage,Shortage,Shortage,Shortage,3
3334,Wall and Floor Tilers,Long training gap,Shortage,Shortage,Shortage,Shortage,Shortage,Shortage,Shortage,Shortage,Shortage,3
3341,Plumbers,Long training gap,Shortage,Shortage,Shortage,Shortage,Shortage,Shortage,Shortage,Shortage,Shortage,3
3411,Electricians,Long training gap,Shortage,Shortage,Shortage,Shortage,Shortage,Shortage,Shortage,Shortage,Shortage,3
3421,Airconditioning and Refrigeration Mechanics,Long training gap,Shortage,Shortage,Shortage,Shortage,Shortage,Shortage,Shortage,Shortage,Shortage,3
3422,Electrical Distribution Trades Workers,Long training gap,Shortage,Shortage,Shortage,Shortage,Shortage,Shortage,Shortage,No Shortage,Shortage,3
3423,Electronics Trades Workers,Short Training gap,Shortage,No Shortage,Regional Shortage,Shortage,Shortage,Shortage,Shortage,Shortage,Shortage,3
3424,Telecommunications Trades Workers,Short Training gap,Shortage,Shortage,Shortage,Shortage,Shortage,Shortage,Shortage,Shortage,Shortage,3
3511,Bakers and Pastrycooks,Retention gap,Shortage,Shortage,No Shortage,Shortage,Shortage,Shortage,Shortage,Shortage,Shortage,3
3512,Butchers and Smallgoods Makers,Retention gap,Shortage,Shortage,No Shortage,Shortage,Shortage,Shortage,Shortage,Shortage,Shortage,3
3513,Chefs,Retention gap,Shortage,Shortage,Shortage,Shortage,Shortage,Shortage,Shortage,Shortage,Shortage,2
3514,Cooks,Retention gap,Shortage,Shortage,No Shortage,Shortage,No Shortage,Shortage,No Shortage,Shortage,No Shortage,3
3611,Animal Attendants and Trainers,,No Shortage,Shortage,No Shortage,No Shortage,No Shortage,No Shortage,No Shortage,No Shortage,No Shortage,"3,4"
3613,Veterinary Nurses,Uncertain/unknown,Shortage,Shortage,No Shortage,Shortage,Shortage,Shortage,Shortage,Shortage,Shortage,3
3621,Florists,,No Shortage,No Shortage,No Shortage,No Shortage,No Shortage,No Shortage,No Shortage,Shortage,No Shortage,3
3623,Sports Turf Managers and Trades Workers,,No Shortage,No Shortage,No Shortage,No Shortage,No Shortage,No Shortage,No Shortage,No Shortage,No Shortage,"2,3"
3624,Nurserypersons,Uncertain/unknown,Shortage,Shortage,Shortage,Shortage,Shortage,Shortage,Shortage,No Shortage,Shortage,3
3625,Arboriculture Workers,Long training gap,Shortage,Shortage,Regional Shortage,Shortage,Shortage,Shortage,Shortage,Shortage,Shortage,"2,3"
3626,Gardeners (General),,No Shortage,No Shortage,Regional Shortage,No Shortage,No Shortage,Shortage,No Shortage,Shortage,No Shortage,3
3627,Landscape Gardeners and Irrigation Technicians,Short Training gap,Shortage,Shortage,Regional Shortage,Shortage,Shortage,Shortage,Shortage,Shortage,Shortage,3
3631,"Senior Aquaculture, Crop and Forestry Workers",,No Shortage,No Shortage,No Shortage,No Shortage,No Shortage,No Shortage,No Shortage,No Shortage,No Shortage,3
3632,Senior Livestock Farm Workers,,No Shortage,No Shortage,No Shortage,No Shortage,No Shortage,No Shortage,No Shortage,No Shortage,No Shortage,3
3633,Shearers and Wool Classers,,No Shortage,No Shortage,Regional Shortage,No Shortage,No Shortage,No Shortage,No Shortage,No Shortage,No Shortage,"2,3"
3911,Hairdressers,Long training gap,Shortage,Shortage,No Shortage,Shortage,Shortage,Shortage,Shortage,Shortage,Shortage,3
3921,Print Finishers and Screen Printers,Uncertain/unknown,Shortage,Shortage,Shortage,Shortage,Shortage,No Shortage,Shortage,No Shortage,Shortage,3
3922,Graphic Pre-press Trades Workers,Uncertain/unknown,Shortage,No Shortage,Shortage,Shortage,Shortage,Shortage,Shortage,No Shortage,Shortage,3
3923,Printers,,No Shortage,No Shortage,No Shortage,No Shortage,No Shortage,No Shortage,No Shortage,Shortage,No Shortage,3
3931,Canvas and Leather Goods Makers,,No Shortage,No Shortage,No Shortage,No Shortage,No Shortage,No Shortage,No Shortage,No Shortage,No Shortage,3
3932,Clothing Trades Workers,,No Shortage,No Shortage,No Shortage,No Shortage,No Shortage,No Shortage,No Shortage,No Shortage,No Shortage,3
3933,Upholsterers,Uncertain/unknown,Shortage,Shortage,Shortage,Shortage,Shortage,Shortage,Shortage,Shortage,Shortage,3
3941,Cabinet and Furniture Makers,Long training gap,Shortage,No Shortage,Shortage,Shortage,Shortage,Shortage,Shortage,Shortage,Shortage,3
3942,Wood Machinists and Other Wood Trades Workers,Uncertain/unknown,Shortage,No Shortage,Shortage,Shortage,Shortage,No Shortage,Shortage,No Shortage,Shortage,3
3991,Boat Builders and Shipwrights,Retention gap,Shortage,No Shortage,Shortage,Shortage,Shortage,Shortage,Shortage,Shortage,Shortage,3
3992,"Chemical, Gas, Petroleum and Power Generation Plant Operators",,No Shortage,No Shortage,No Shortage,No Shortage,No Shortage,No Shortage,No Shortage,No Shortage,No Shortage,3
3993,"Gallery, Library and Museum Technicians",,No Shortage,No Shortage,No Shortage,No Shortage,No Shortage,No Shortage,No Shortage,No Shortage,No Shortage,2
3994,Jewellers,,No Shortage,No Shortage,No Shortage,No Shortage,No Shortage,No Shortage,No Shortage,No Shortage,No Shortage,3
3995,Performing Arts Technicians,,No Shortage,No Shortage,No Shortage,No Shortage,No Shortage,No Shortage,No Shortage,No Shortage,No Shortage,3
3996,Signwriters,,No Shortage,Shortage,No Shortage,No Shortage,No Shortage,No Shortage,No Shortage,No Shortage,No Shortage,3
3999,Other Miscellaneous Technicians and Trades Workers,,No Shortage,Shortage,No Shortage,No Shortage,No Shortage,No Shortage,No Shortage,Shortage,No Shortage,"2,3,4"
4111,Ambulance Officers and Paramedics,Retention gap,Shortage,No Shortage,Shortage,Shortage,Shortage,Shortage,Shortage,No Shortage,Shortage,"1,2"
4112,"Dental Hygienists, Technicians and Therapists",Retention gap,Shortage,No Shortage,Shortage,Regional Shortage,Shortage,Shortage,Shortage,Shortage,Shortage,"1,2"
4113,Diversional Therapists,,No Shortage,No Shortage,Regional Shortage,No Shortage,No Shortage,No Shortage,No Shortage,No Shortage,No Shortage,3
4114,Enrolled and Mothercraft Nurses,Retention gap,Shortage,Shortage,Shortage,Shortage,Regional Shortage,Regional Shortage,Regional Shortage,Shortage,Shortage,2
4115,Indigenous Health Workers,Retention gap,Shortage,No Shortage,Shortage,Shortage,Shortage,Shortage,No Shortage,Shortage,No Shortage,2
4116,Massage Therapists,,No Shortage,No Shortage,No Shortage,No Shortage,No Shortage,No Shortage,No Shortage,Shortage,No Shortage,2
4117,Welfare Support Workers,,No Shortage,No Shortage,Shortage,No Shortage,No Shortage,No Shortage,No Shortage,Shortage,No Shortage,2
4211,Child Carers,Retention gap,Shortage,Shortage,Shortage,Shortage,Shortage,Shortage,Shortage,Shortage,Shortage,"3,4"
4221,Education Aides,,No Shortage,No Shortage,No Shortage,No Shortage,No Shortage,No Shortage,No Shortage,Shortage,No Shortage,"3,4"
4231,Aged and Disabled Carers,Retention gap,Shortage,Shortage,Shortage,Shortage,Shortage,Shortage,Shortage,Shortage,Shortage,4
4232,Dental Assistants,,No Shortage,No Shortage,No Shortage,No Shortage,No Shortage,No Shortage,No Shortage,Shortage,No Shortage,4
4233,Nursing Support and Personal Care Workers,Retention gap,Shortage,Shortage,Shortage,Shortage,Shortage,Shortage,Shortage,Shortage,Shortage,4
4234,Special Care Workers,,No Shortage,No Shortage,No Shortage,No Shortage,No Shortage,No Shortage,No Shortage,No Shortage,No Shortage,"3,4"
4311,Bar Attendants and Baristas,,No Shortage,No Shortage,No Shortage,No Shortage,No Shortage,No Shortage,No Shortage,Shortage,No Shortage,4
4313,Gaming Workers,,No Shortage,No Shortage,No Shortage,No Shortage,No Shortage,No Shortage,No Shortage,Shortage,No Shortage,4
4314,Hotel Service Managers,,No Shortage,Shortage,No Shortage,No Shortage,No Shortage,No Shortage,No Shortage,Shortage,No Shortage,2
4315,Waiters,,No Shortage,Regional Shortage,No Shortage,No Shortage,No Shortage,No Shortage,No Shortage,Shortage,No Shortage,4
4412,Fire and Emergency Workers,,No Shortage,No Shortage,No Shortage,No Shortage,No Shortage,No Shortage,No Shortage,No Shortage,No Shortage,3
4413,Police,,No Shortage,No Shortage,No Shortage,No Shortage,No Shortage,No Shortage,No Shortage,No Shortage,No Shortage,2
4421,Prison Officers,,No Shortage,Shortage,No Shortage,No Shortage,No Shortage,No Shortage,No Shortage,Shortage,No Shortage,4
4422,Security Officers and Guards,Suitability gap,Shortage,Shortage,No Shortage,Shortage,Shortage,Shortage,Shortage,Shortage,Shortage,"3,4,5"
4511,Beauty Therapists,Long training gap,Shortage,Shortage,No Shortage,Shortage,Shortage,No Shortage,Shortage,Shortage,Shortage,3
4512,Driving Instructors,,No Shortage,No Shortage,No Shortage,No Shortage,No Shortage,No Shortage,No Shortage,No Shortage,No Shortage,3
4513,Funeral Workers,,No Shortage,No Shortage,No Shortage,No Shortage,No Shortage,No Shortage,No Shortage,No Shortage,No Shortage,"2,3"
4514,"Gallery, Museum and Tour Guides",Uncertain/unknown,Shortage,No Shortage,Regional Shortage,Shortage,Shortage,Shortage,Shortage,Shortage,No Shortage,"3,4"
4515,Personal Care Consultants,,No Shortage,No Shortage,No Shortage,No Shortage,No Shortage,No Shortage,No Shortage,No Shortage,No Shortage,4
4516,Tourism and Travel Advisers,Uncertain/unknown,Shortage,Shortage,No Shortage,Shortage,Shortage,Shortage,Shortage,Shortage,Shortage,"3,4"
4517,Travel Attendants,Uncertain/unknown,Shortage,Shortage,No Shortage,Shortage,Shortage,No Shortage,No Shortage,No Shortage,Shortage,"3,4"
4518,Other Personal Service Workers,,No Shortage,Shortage,No Shortage,No Shortage,No Shortage,No Shortage,No Shortage,No Shortage,No Shortage,"3,4,5"
4521,Fitness Instructors,,No Shortage,No Shortage,No Shortage,No Shortage,No Shortage,No Shortage,No Shortage,No Shortage,No Shortage,4
4522,Outdoor Adventure Guides,,No Shortage,Shortage,No Shortage,No Shortage,No Shortage,No Shortage,No Shortage,Shortage,No Shortage,"2,3"
4523,"Sports Coaches, Instructors and Officials",,No Shortage,Shortage,No Shortage,Shortage,No Shortage,No Shortage,No Shortage,No Shortage,No Shortage,"2,3,4"
4524,Sportspersons,,No Shortage,No Shortage,No Shortage,No Shortage,No Shortage,No Shortage,No Shortage,No Shortage,No Shortage,3
5111,"Contract, Program and Project Administrators",,No Shortage,No Shortage,No Shortage,No Shortage,No Shortage,No Shortage,No Shortage,Shortage,No Shortage,2
5121,Office Managers,,No Shortage,No Shortage,No Shortage,No Shortage,No Shortage,No Shortage,No Shortage,No Shortage,No Shortage,2
5122,Practice Managers,,No Shortage,No Shortage,No Shortage,No Shortage,No Shortage,No Shortage,No Shortage,No Shortage,No Shortage,2
5211,Personal Assistants,,No Shortage,No Shortage,No Shortage,No Shortage,No Shortage,No Shortage,No Shortage,No Shortage,No Shortage,2
5212,Secretaries,,No Shortage,No Shortage,No Shortage,No Shortage,No Shortage,No Shortage,No Shortage,Shortage,No Shortage,2
5311,General Clerks,,No Shortage,No Shortage,No Shortage,No Shortage,No Shortage,No Shortage,No Shortage,Shortage,No Shortage,4
5321,Keyboard Operators,,No Shortage,No Shortage,No Shortage,No Shortage,No Shortage,No Shortage,No Shortage,No Shortage,No Shortage,4
5411,Call or Contact Centre Workers,,No Shortage,No Shortage,No Shortage,No Shortage,No Shortage,No Shortage,No Shortage,Shortage,No Shortage,"3,4"
5412,Information Officers,,No Shortage,No Shortage,No Shortage,No Shortage,No Shortage,No Shortage,No Shortage,No Shortage,No Shortage,4
5421,Receptionists,,No Shortage,No Shortage,No Shortage,No Shortage,No Shortage,No Shortage,No Shortage,Shortage,No Shortage,4
5511,Accounting Clerks,,No Shortage,No Shortage,No Shortage,No Shortage,No Shortage,No Shortage,No Shortage,Shortage,No Shortage,4
5512,Bookkeepers,,No Shortage,No Shortage,No Shortage,No Shortage,No Shortage,No Shortage,No Shortage,No Shortage,No Shortage,3
5513,Payroll Clerks,,No Shortage,No Shortage,No Shortage,No Shortage,No Shortage,No Shortage,No Shortage,No Shortage,No Shortage,4
5521,Bank Workers,,No Shortage,No Shortage,Regional Shortage,No Shortage,No Shortage,No Shortage,No Shortage,No Shortage,No Shortage,3
5522,Credit and Loans Officers,,No Shortage,No Shortage,No Shortage,No Shortage,No Shortage,No Shortage,No Shortage,Shortage,No Shortage,3
5523,"Insurance, Money Market and Statistical Clerks",,No Shortage,No Shortage,No Shortage,No Shortage,No Shortage,No Shortage,No Shortage,No Shortage,No Shortage,4
5911,Purchasing and Supply Logistics Clerks,,No Shortage,Shortage,No Shortage,No Shortage,No Shortage,No Shortage,No Shortage,No Shortage,No Shortage,4
5912,Transport and Despatch Clerks,,No Shortage,No Shortage,No Shortage,No Shortage,No Shortage,No Shortage,No Shortage,Shortage,No Shortage,4
5991,Conveyancers and Legal Executives,,No Shortage,Shortage,Shortage,No Shortage,Shortage,Shortage,Shortage,No Shortage,No Shortage,2
5992,Court and Legal Clerks,,No Shortage,No Shortage,No Shortage,No Shortage,No Shortage,No Shortage,No Shortage,No Shortage,No Shortage,3
5993,Debt Collectors,,No Shortage,No Shortage,No Shortage,No Shortage,No Shortage,No Shortage,No Shortage,No Shortage,No Shortage,4
5994,Human Resource Clerks,,No Shortage,No Shortage,Shortage,No Shortage,No Shortage,No Shortage,No Shortage,Shortage,No Shortage,4
5995,Inspectors and Regulatory Officers,,No Shortage,Shortage,No Shortage,No Shortage,No Shortage,No Shortage,No Shortage,No Shortage,No Shortage,4
5996,"Insurance Investigators, Loss Adjusters and Risk Surveyors",,No Shortage,No Shortage,No Shortage,Shortage,Shortage,No Shortage,Shortage,No Shortage,Shortage,"2,3"
5997,Library Assistants,,No Shortage,No Shortage,No Shortage,No Shortage,No Shortage,No Shortage,No Shortage,No Shortage,No Shortage,4
5999,Other Miscellaneous Clerical and Administrative Workers,,No Shortage,No Shortage,No Shortage,No Shortage,No Shortage,No Shortage,No Shortage,No Shortage,No Shortage,"3,4"
6111,"Auctioneers, and Stock and Station Agents",,No Shortage,No Shortage,No Shortage,No Shortage,No Shortage,No Shortage,No Shortage,No Shortage,No Shortage,3
6112,Insurance Agents,,No Shortage,No Shortage,No Shortage,No Shortage,No Shortage,No Shortage,No Shortage,No Shortage,No Shortage,3
6113,Sales Representatives,,No Shortage,Shortage,No Shortage,No Shortage,No Shortage,No Shortage,No Shortage,No Shortage,No Shortage,4
6121,Real Estate Sales Agents,,No Shortage,Shortage,No Shortage,No Shortage,No Shortage,No Shortage,No Shortage,Shortage,No Shortage,"2,3"
6213,Motor Vehicle and Vehicle Parts Salespersons,,No Shortage,No Shortage,Shortage,No Shortage,No Shortage,No Shortage,No Shortage,Shortage,No Shortage,4
6214,Pharmacy Sales Assistants,,No Shortage,No Shortage,No Shortage,No Shortage,No Shortage,No Shortage,No Shortage,No Shortage,No Shortage,4
6215,Retail Supervisors,,No Shortage,Shortage,No Shortage,No Shortage,No Shortage,No Shortage,No Shortage,Shortage,No Shortage,4
6392,Retail and Wool Buyers,,No Shortage,No Shortage,No Shortage,No Shortage,No Shortage,No Shortage,No Shortage,No Shortage,No Shortage,3
6395,Visual Merchandisers,,No Shortage,Shortage,No Shortage,No Shortage,No Shortage,No Shortage,No Shortage,No Shortage,No Shortage,4
6399,Other Sales Support Workers,,No Shortage,No Shortage,Shortage,No Shortage,No Shortage,No Shortage,No Shortage,No Shortage,No Shortage,4
7111,"Clay, Concrete, Glass and Stone Processing Machine Operators",,No Shortage,No Shortage,Shortage,No Shortage,No Shortage,No Shortage,No Shortage,No Shortage,No Shortage,4
7112,Industrial Spraypainters,Retention gap,Shortage,Shortage,Shortage,Shortage,Shortage,Shortage,Shortage,Shortage,Shortage,4
7113,Paper and Wood Processing Machine Operators,,No Shortage,No Shortage,No Shortage,No Shortage,No Shortage,No Shortage,No Shortage,No Shortage,No Shortage,4
7114,Photographic Developers and Printers,,No Shortage,No Shortage,No Shortage,No Shortage,No Shortage,No Shortage,No Shortage,No Shortage,No Shortage,4
7115,Plastics and Rubber Production Machine Operators,,No Shortage,No Shortage,No Shortage,No Shortage,No Shortage,Shortage,No Shortage,Shortage,No Shortage,4
7116,Sewing Machinists,,No Shortage,No Shortage,No Shortage,No Shortage,No Shortage,No Shortage,No Shortage,No Shortage,No Shortage,4
7117,Textile and Footwear Production Machine Operators,,No Shortage,No Shortage,No Shortage,No Shortage,No Shortage,No Shortage,No Shortage,No Shortage,No Shortage,4
7119,Other Machine Operators,,No Shortage,Shortage,No Shortage,No Shortage,No Shortage,No Shortage,No Shortage,No Shortage,No Shortage,4
7121,"Crane, Hoist and Lift Operators",Retention gap,Shortage,Shortage,Shortage,Shortage,Shortage,Shortage,Shortage,Shortage,Shortage,4
7122,"Drillers, Miners and Shot Firers",Retention gap,Regional Shortage,Shortage,Regional Shortage,Regional Shortage,Regional Shortage,Regional Shortage,Regional Shortage,Shortage,Shortage,4
7123,Engineering Production Workers,,No Shortage,No Shortage,Shortage,No Shortage,No Shortage,No Shortage,No Shortage,No Shortage,No Shortage,4
7129,Other Stationary Plant Operators,,No Shortage,Shortage,No Shortage,No Shortage,No Shortage,No Shortage,No Shortage,No Shortage,No Shortage,"3,4"
7211,"Agricultural, Forestry and Horticultural Plant Operators",Uncertain/unknown,Regional Shortage,No Shortage,Regional Shortage,Regional Shortage,Shortage,No Shortage,Regional Shortage,No Shortage,Shortage,4
7212,Earthmoving Plant Operators,Uncertain/unknown,Shortage,Shortage,Shortage,Shortage,Shortage,Shortage,Shortage,Shortage,Shortage,4
7213,Forklift Drivers,,No Shortage,No Shortage,No Shortage,No Shortage,No Shortage,No Shortage,No Shortage,Shortage,No Shortage,4
7219,Other Mobile Plant Operators,Uncertain/unknown,Shortage,No Shortage,Shortage,Shortage,Shortage,Shortage,Shortage,Shortage,Shortage,"3,4"
7311,Automobile Drivers,,No Shortage,No Shortage,No Shortage,No Shortage,No Shortage,No Shortage,No Shortage,Shortage,No Shortage,4
7312,Bus and Coach Drivers,,No Shortage,No Shortage,No Shortage,Shortage,Shortage,No Shortage,Shortage,Shortage,Shortage,4
7313,Train and Tram Drivers,Uncertain/unknown,Shortage,Shortage,Shortage,Regional Shortage,Regional Shortage,Shortage,Regional Shortage,No Shortage,Shortage,"3,4"
7321,Delivery Drivers,,No Shortage,No Shortage,No Shortage,No Shortage,No Shortage,No Shortage,No Shortage,No Shortage,No Shortage,4
7331,Truck Drivers,Short Training gap,Shortage,Shortage,No Shortage,Shortage,Shortage,Shortage,Shortage,Shortage,Shortage,4
7411,Storepersons,,No Shortage,No Shortage,No Shortage,No Shortage,No Shortage,No Shortage,No Shortage,Shortage,No Shortage,4
8116,Other Cleaners,,No Shortage,No Shortage,No Shortage,No Shortage,No Shortage,No Shortage,No Shortage,No Shortage,No Shortage,"4,5"
8213,Fencers,,No Shortage,No Shortage,No Shortage,No Shortage,No Shortage,No Shortage,No Shortage,No Shortage,No Shortage,4
8214,Insulation and Home Improvement Installers,,No Shortage,No Shortage,No Shortage,No Shortage,No Shortage,No Shortage,No Shortage,No Shortage,No Shortage,4
8216,Railway Track Workers,Retention gap,Shortage,Shortage,Shortage,Shortage,Shortage,Shortage,Shortage,No Shortage,No Shortage,4
8217,Structural Steel Construction Workers,Retention gap,Shortage,Shortage,Shortage,Shortage,Shortage,Shortage,Shortage,Shortage,Shortage,"3,4"
8219,Other Construction and Mining Labourers,,No Shortage,No Shortage,No Shortage,No Shortage,No Shortage,No Shortage,No Shortage,No Shortage,No Shortage,"4,5"
8312,"Meat Boners and Slicers, and Slaughterers",Retention gap,Shortage,Shortage,Shortage,Shortage,Shortage,Shortage,Shortage,No Shortage,Shortage,4
8393,Product Quality Controllers,,No Shortage,Shortage,No Shortage,No Shortage,No Shortage,No Shortage,No Shortage,No Shortage,No Shortage,4
8422,Crop Farm Workers,,No Shortage,No Shortage,No Shortage,No Shortage,No Shortage,No Shortage,No Shortage,No Shortage,No Shortage,"4,5"
8423,Livestock Farm Workers,,No Shortage,No Shortage,No Shortage,No Shortage,No Shortage,No Shortage,No Shortage,No Shortage,No Shortage,"4,5"
8431,Forestry and Logging Workers,,No Shortage,No Shortage,No Shortage,No Shortage,No Shortage,No Shortage,No Shortage,No Shortage,No Shortage,4
8434,Pest Control Technicians,,No Shortage,No Shortage,No Shortage,No Shortage,No Shortage,No Shortage,No Shortage,Shortage,No Shortage,4
8992,Deck and Fishing Hands,,No Shortage,No Shortage,No Shortage,Shortage,No Shortage,No Shortage,No Shortage,No Shortage,No Shortage,4
8994,Motor Vehicle Parts and Accessories Fitters,,No Shortage,No Shortage,No Shortage,No Shortage,No Shortage,No Shortage,No Shortage,Shortage,No Shortage,4
8995,Printing Assistants and Table Workers,,No Shortage,No Shortage,No Shortage,No Shortage,No Shortage,No Shortage,No Shortage,No Shortage,No Shortage,4
